trial,testing,parameters,initial_deadline,final_deadline,net_reward,actions,success
1,False,"{'a': 0.8, 'e': 1.0}",20,0,-95.41384477622971,"{0: 10, 1: 3, 2: 5, 3: 2, 4: 0}",0
2,False,"{'a': 0.8, 'e': 0.5}",25,0,-57.23427211001481,"{0: 19, 1: 2, 2: 3, 3: 0, 4: 1}",0
3,False,"{'a': 0.8, 'e': 0.3333333333333333}",20,0,-169.76846499534335,"{0: 10, 1: 3, 2: 4, 3: 0, 4: 3}",0
4,False,"{'a': 0.8, 'e': 0.25}",25,0,-42.95801855192276,"{0: 21, 1: 0, 2: 3, 3: 0, 4: 1}",0
5,False,"{'a': 0.8, 'e': 0.2}",20,11,-32.06455798645291,"{0: 7, 1: 1, 2: 0, 3: 0, 4: 1}",1
6,False,"{'a': 0.8, 'e': 0.16666666666666666}",25,5,18.289955961007706,"{0: 19, 1: 0, 2: 1, 3: 0, 4: 0}",1
7,False,"{'a': 0.8, 'e': 0.14285714285714285}",20,0,-59.429627413689104,"{0: 18, 1: 0, 2: 0, 3: 0, 4: 2}",0
8,False,"{'a': 0.8, 'e': 0.125}",25,13,7.239987960447203,"{0: 11, 1: 0, 2: 1, 3: 0, 4: 0}",1
9,False,"{'a': 0.8, 'e': 0.1111111111111111}",30,0,25.826087390588228,"{0: 29, 1: 0, 2: 1, 3: 0, 4: 0}",0
10,False,"{'a': 0.8, 'e': 0.1}",30,0,-52.928377419264535,"{0: 27, 1: 1, 2: 0, 3: 0, 4: 2}",0
11,False,"{'a': 0.8, 'e': 0.09090909090909091}",30,16,12.420808607945188,"{0: 13, 1: 0, 2: 1, 3: 0, 4: 0}",1
12,False,"{'a': 0.8, 'e': 0.08333333333333333}",30,12,22.555383903386954,"{0: 17, 1: 1, 2: 0, 3: 0, 4: 0}",1
13,False,"{'a': 0.8, 'e': 0.07692307692307693}",20,0,9.028375328231741,"{0: 18, 1: 2, 2: 0, 3: 0, 4: 0}",0
14,False,"{'a': 0.8, 'e': 0.07142857142857142}",25,2,-14.86132416063426,"{0: 21, 1: 1, 2: 0, 3: 0, 4: 1}",1
15,False,"{'a': 0.8, 'e': 0.06666666666666667}",20,12,0.40602335188327165,"{0: 7, 1: 0, 2: 1, 3: 0, 4: 0}",1
16,False,"{'a': 0.8, 'e': 0.0625}",30,14,21.586483995924766,"{0: 16, 1: 0, 2: 0, 3: 0, 4: 0}",1
17,False,"{'a': 0.8, 'e': 0.058823529411764705}",25,11,-14.247845217288923,"{0: 13, 1: 0, 2: 0, 3: 0, 4: 1}",1
18,False,"{'a': 0.8, 'e': 0.05555555555555555}",20,12,2.0855487934723014,"{0: 7, 1: 0, 2: 1, 3: 0, 4: 0}",1
19,False,"{'a': 0.8, 'e': 0.05263157894736842}",25,10,26.391370822917914,"{0: 15, 1: 0, 2: 0, 3: 0, 4: 0}",1
20,False,"{'a': 0.8, 'e': 0.05}",25,12,14.633844358413718,"{0: 12, 1: 1, 2: 0, 3: 0, 4: 0}",1
21,False,"{'a': 0.8, 'e': 0.047619047619047616}",30,0,34.853366838455614,"{0: 29, 1: 0, 2: 1, 3: 0, 4: 0}",0
22,False,"{'a': 0.8, 'e': 0.045454545454545456}",25,0,38.16422448715569,"{0: 25, 1: 0, 2: 0, 3: 0, 4: 0}",0
23,False,"{'a': 0.8, 'e': 0.043478260869565216}",20,14,6.584731314540903,"{0: 6, 1: 0, 2: 0, 3: 0, 4: 0}",1
24,False,"{'a': 0.8, 'e': 0.041666666666666664}",30,7,21.678033982329776,"{0: 21, 1: 1, 2: 1, 3: 0, 4: 0}",1
25,False,"{'a': 0.8, 'e': 0.04}",20,12,17.756320285334187,"{0: 8, 1: 0, 2: 0, 3: 0, 4: 0}",1
26,False,"{'a': 0.8, 'e': 0.038461538461538464}",20,2,16.943669121458278,"{0: 17, 1: 0, 2: 1, 3: 0, 4: 0}",1
27,False,"{'a': 0.8, 'e': 0.037037037037037035}",30,22,3.9944728704162884,"{0: 7, 1: 0, 2: 1, 3: 0, 4: 0}",1
28,False,"{'a': 0.8, 'e': 0.03571428571428571}",20,3,14.200921052337609,"{0: 16, 1: 0, 2: 1, 3: 0, 4: 0}",1
29,False,"{'a': 0.8, 'e': 0.034482758620689655}",20,7,-3.196134520173156,"{0: 12, 1: 0, 2: 0, 3: 1, 4: 0}",1
30,False,"{'a': 0.8, 'e': 0.03333333333333333}",25,17,-27.26447189116921,"{0: 7, 1: 0, 2: 0, 3: 0, 4: 1}",1
31,False,"{'a': 0.8, 'e': 0.03225806451612903}",25,0,-5.546588200158386,"{0: 24, 1: 0, 2: 0, 3: 0, 4: 1}",0
32,False,"{'a': 0.8, 'e': 0.03125}",20,0,-61.727364243442324,"{0: 17, 1: 0, 2: 1, 3: 0, 4: 2}",0
33,False,"{'a': 0.8, 'e': 0.030303030303030304}",25,11,-15.813795496164417,"{0: 13, 1: 0, 2: 0, 3: 0, 4: 1}",1
34,False,"{'a': 0.8, 'e': 0.029411764705882353}",25,15,-6.543954076512359,"{0: 9, 1: 0, 2: 0, 3: 1, 4: 0}",1
35,False,"{'a': 0.8, 'e': 0.02857142857142857}",20,8,19.838349275164692,"{0: 12, 1: 0, 2: 0, 3: 0, 4: 0}",1
36,False,"{'a': 0.8, 'e': 0.027777777777777776}",25,11,30.078751891762437,"{0: 14, 1: 0, 2: 0, 3: 0, 4: 0}",1
37,False,"{'a': 0.8, 'e': 0.02702702702702703}",25,19,-1.5358092131694687,"{0: 5, 1: 0, 2: 1, 3: 0, 4: 0}",1
38,False,"{'a': 0.8, 'e': 0.02631578947368421}",25,3,-51.72711117892297,"{0: 20, 1: 0, 2: 0, 3: 0, 4: 2}",1
39,False,"{'a': 0.8, 'e': 0.02564102564102564}",20,9,-7.036329219456586,"{0: 10, 1: 0, 2: 0, 3: 1, 4: 0}",1
40,False,"{'a': 0.8, 'e': 0.025}",20,12,14.826759328941423,"{0: 8, 1: 0, 2: 0, 3: 0, 4: 0}",1
41,False,"{'a': 0.8, 'e': 0.024390243902439025}",20,10,17.253377886192375,"{0: 10, 1: 0, 2: 0, 3: 0, 4: 0}",1
42,False,"{'a': 0.8, 'e': 0.023809523809523808}",25,0,19.919864724735366,"{0: 24, 1: 0, 2: 1, 3: 0, 4: 0}",0
43,False,"{'a': 0.8, 'e': 0.023255813953488372}",25,17,14.550126824431569,"{0: 8, 1: 0, 2: 0, 3: 0, 4: 0}",1
44,False,"{'a': 0.8, 'e': 0.022727272727272728}",20,2,27.038699172067453,"{0: 18, 1: 0, 2: 0, 3: 0, 4: 0}",1
45,False,"{'a': 0.8, 'e': 0.022222222222222223}",20,12,14.309600026375115,"{0: 8, 1: 0, 2: 0, 3: 0, 4: 0}",1
46,False,"{'a': 0.8, 'e': 0.021739130434782608}",20,12,14.639077165982552,"{0: 8, 1: 0, 2: 0, 3: 0, 4: 0}",1
47,False,"{'a': 0.8, 'e': 0.02127659574468085}",25,15,18.128854900351687,"{0: 10, 1: 0, 2: 0, 3: 0, 4: 0}",1
48,False,"{'a': 0.8, 'e': 0.020833333333333332}",20,1,8.255888405493236,"{0: 18, 1: 0, 2: 0, 3: 1, 4: 0}",1
49,False,"{'a': 0.8, 'e': 0.02040816326530612}",25,0,32.78151579178983,"{0: 24, 1: 1, 2: 0, 3: 0, 4: 0}",0
50,False,"{'a': 0.8, 'e': 0.02}",20,11,13.244766991658686,"{0: 9, 1: 0, 2: 0, 3: 0, 4: 0}",1
51,False,"{'a': 0.8, 'e': 0.0196078431372549}",30,0,40.420097365086214,"{0: 30, 1: 0, 2: 0, 3: 0, 4: 0}",1
52,False,"{'a': 0.8, 'e': 0.019230769230769232}",30,21,15.413787778437584,"{0: 9, 1: 0, 2: 0, 3: 0, 4: 0}",1
53,False,"{'a': 0.8, 'e': 0.018867924528301886}",25,12,-2.517488934108817,"{0: 12, 1: 0, 2: 0, 3: 1, 4: 0}",1
54,False,"{'a': 0.8, 'e': 0.018518518518518517}",20,0,-10.831907045214175,"{0: 19, 1: 0, 2: 0, 3: 0, 4: 1}",0
55,False,"{'a': 0.8, 'e': 0.01818181818181818}",25,14,17.070837102875025,"{0: 11, 1: 0, 2: 0, 3: 0, 4: 0}",1
56,False,"{'a': 0.8, 'e': 0.017857142857142856}",30,10,33.17013393701506,"{0: 20, 1: 0, 2: 0, 3: 0, 4: 0}",1
57,False,"{'a': 0.8, 'e': 0.017543859649122806}",20,7,25.370062032870038,"{0: 13, 1: 0, 2: 0, 3: 0, 4: 0}",1
58,False,"{'a': 0.8, 'e': 0.017241379310344827}",25,15,19.846357181145777,"{0: 10, 1: 0, 2: 0, 3: 0, 4: 0}",1
59,False,"{'a': 0.8, 'e': 0.01694915254237288}",25,17,9.05166684005803,"{0: 8, 1: 0, 2: 0, 3: 0, 4: 0}",1
60,False,"{'a': 0.8, 'e': 0.016666666666666666}",20,0,23.6344036818231,"{0: 20, 1: 0, 2: 0, 3: 0, 4: 0}",0
61,False,"{'a': 0.8, 'e': 0.01639344262295082}",35,13,-5.58998572775379,"{0: 21, 1: 0, 2: 0, 3: 0, 4: 1}",1
62,False,"{'a': 0.8, 'e': 0.016129032258064516}",20,6,22.7973043424298,"{0: 14, 1: 0, 2: 0, 3: 0, 4: 0}",1
63,False,"{'a': 0.8, 'e': 0.015873015873015872}",25,11,21.659357562657057,"{0: 14, 1: 0, 2: 0, 3: 0, 4: 0}",1
64,False,"{'a': 0.8, 'e': 0.015625}",20,11,15.829436701547072,"{0: 9, 1: 0, 2: 0, 3: 0, 4: 0}",1
65,False,"{'a': 0.8, 'e': 0.015384615384615385}",25,6,29.376858670886023,"{0: 19, 1: 0, 2: 0, 3: 0, 4: 0}",1
66,False,"{'a': 0.8, 'e': 0.015151515151515152}",20,8,6.386545556396032,"{0: 11, 1: 0, 2: 1, 3: 0, 4: 0}",1
67,False,"{'a': 0.8, 'e': 0.014925373134328358}",25,0,33.86579521415376,"{0: 25, 1: 0, 2: 0, 3: 0, 4: 0}",0
68,False,"{'a': 0.8, 'e': 0.014705882352941176}",30,17,12.889796524386025,"{0: 12, 1: 0, 2: 1, 3: 0, 4: 0}",1
69,False,"{'a': 0.8, 'e': 0.014492753623188406}",20,15,8.622371380102614,"{0: 5, 1: 0, 2: 0, 3: 0, 4: 0}",1
70,False,"{'a': 0.8, 'e': 0.014285714285714285}",20,7,22.51810473511882,"{0: 13, 1: 0, 2: 0, 3: 0, 4: 0}",1
71,False,"{'a': 0.8, 'e': 0.014084507042253521}",25,13,16.466922245496193,"{0: 12, 1: 0, 2: 0, 3: 0, 4: 0}",1
72,False,"{'a': 0.8, 'e': 0.013888888888888888}",20,6,19.12137853235872,"{0: 14, 1: 0, 2: 0, 3: 0, 4: 0}",1
73,False,"{'a': 0.8, 'e': 0.0136986301369863}",30,5,44.110482927581856,"{0: 25, 1: 0, 2: 0, 3: 0, 4: 0}",1
74,False,"{'a': 0.8, 'e': 0.013513513513513514}",20,0,26.508995078620075,"{0: 20, 1: 0, 2: 0, 3: 0, 4: 0}",0
75,False,"{'a': 0.8, 'e': 0.013333333333333334}",20,2,25.577309633819603,"{0: 18, 1: 0, 2: 0, 3: 0, 4: 0}",1
76,False,"{'a': 0.8, 'e': 0.013157894736842105}",30,0,38.390268306408714,"{0: 30, 1: 0, 2: 0, 3: 0, 4: 0}",0
77,False,"{'a': 0.8, 'e': 0.012987012987012988}",20,11,15.684725291696157,"{0: 9, 1: 0, 2: 0, 3: 0, 4: 0}",1
78,False,"{'a': 0.8, 'e': 0.01282051282051282}",30,10,32.66764125927373,"{0: 20, 1: 0, 2: 0, 3: 0, 4: 0}",1
79,False,"{'a': 0.8, 'e': 0.012658227848101266}",25,8,4.648927422860537,"{0: 16, 1: 0, 2: 0, 3: 1, 4: 0}",1
80,False,"{'a': 0.8, 'e': 0.0125}",30,6,-4.730187720815767,"{0: 23, 1: 0, 2: 0, 3: 0, 4: 1}",1
81,False,"{'a': 0.8, 'e': 0.012345679012345678}",20,0,29.960937098264043,"{0: 20, 1: 0, 2: 0, 3: 0, 4: 0}",0
82,False,"{'a': 0.8, 'e': 0.012195121951219513}",20,7,23.39282225828224,"{0: 13, 1: 0, 2: 0, 3: 0, 4: 0}",1
83,False,"{'a': 0.8, 'e': 0.012048192771084338}",20,8,19.542087985741517,"{0: 12, 1: 0, 2: 0, 3: 0, 4: 0}",1
84,False,"{'a': 0.8, 'e': 0.011904761904761904}",20,6,21.937099573363973,"{0: 14, 1: 0, 2: 0, 3: 0, 4: 0}",1
85,False,"{'a': 0.8, 'e': 0.011764705882352941}",25,0,40.329644133389834,"{0: 25, 1: 0, 2: 0, 3: 0, 4: 0}",0
86,False,"{'a': 0.8, 'e': 0.011627906976744186}",20,11,17.107810831477227,"{0: 9, 1: 0, 2: 0, 3: 0, 4: 0}",1
87,False,"{'a': 0.8, 'e': 0.011494252873563218}",25,5,29.670475847287467,"{0: 20, 1: 0, 2: 0, 3: 0, 4: 0}",1
88,False,"{'a': 0.8, 'e': 0.011363636363636364}",35,17,24.17209379785754,"{0: 18, 1: 0, 2: 0, 3: 0, 4: 0}",1
89,False,"{'a': 0.8, 'e': 0.011235955056179775}",25,0,39.980351185326874,"{0: 25, 1: 0, 2: 0, 3: 0, 4: 0}",0
90,False,"{'a': 0.8, 'e': 0.011111111111111112}",20,6,21.53425951967538,"{0: 14, 1: 0, 2: 0, 3: 0, 4: 0}",1
91,False,"{'a': 0.8, 'e': 0.01098901098901099}",30,0,-0.8238777884981365,"{0: 29, 1: 0, 2: 0, 3: 0, 4: 1}",0
92,False,"{'a': 0.8, 'e': 0.010869565217391304}",25,18,13.488220574483826,"{0: 7, 1: 0, 2: 0, 3: 0, 4: 0}",1
93,False,"{'a': 0.8, 'e': 0.010752688172043012}",30,12,34.11513320017568,"{0: 18, 1: 0, 2: 0, 3: 0, 4: 0}",1
94,False,"{'a': 0.8, 'e': 0.010638297872340425}",30,23,12.84799267035326,"{0: 7, 1: 0, 2: 0, 3: 0, 4: 0}",1
95,False,"{'a': 0.8, 'e': 0.010526315789473684}",20,11,15.955808954807047,"{0: 9, 1: 0, 2: 0, 3: 0, 4: 0}",1
96,False,"{'a': 0.8, 'e': 0.010416666666666666}",25,7,29.616968695302674,"{0: 18, 1: 0, 2: 0, 3: 0, 4: 0}",1
97,False,"{'a': 0.8, 'e': 0.010309278350515464}",20,6,28.034099268909266,"{0: 14, 1: 0, 2: 0, 3: 0, 4: 0}",1
98,False,"{'a': 0.8, 'e': 0.01020408163265306}",25,8,24.257628296678977,"{0: 17, 1: 0, 2: 0, 3: 0, 4: 0}",1
99,False,"{'a': 0.8, 'e': 0.010101010101010102}",20,16,6.688179906064761,"{0: 4, 1: 0, 2: 0, 3: 0, 4: 0}",1
100,False,"{'a': 0.8, 'e': 0.01}",30,22,14.626218059703566,"{0: 8, 1: 0, 2: 0, 3: 0, 4: 0}",1
101,False,"{'a': 0.8, 'e': 0.009900990099009901}",30,17,20.88884832809179,"{0: 13, 1: 0, 2: 0, 3: 0, 4: 0}",1
102,False,"{'a': 0.8, 'e': 0.00980392156862745}",30,15,21.43917987301312,"{0: 15, 1: 0, 2: 0, 3: 0, 4: 0}",1
103,False,"{'a': 0.8, 'e': 0.009708737864077669}",20,4,19.780733113230234,"{0: 16, 1: 0, 2: 0, 3: 0, 4: 0}",1
104,False,"{'a': 0.8, 'e': 0.009615384615384616}",20,8,24.22429224564246,"{0: 12, 1: 0, 2: 0, 3: 0, 4: 0}",1
105,False,"{'a': 0.8, 'e': 0.009523809523809525}",25,14,20.970411792431943,"{0: 11, 1: 0, 2: 0, 3: 0, 4: 0}",1
106,False,"{'a': 0.8, 'e': 0.009433962264150943}",25,13,23.876718457062715,"{0: 12, 1: 0, 2: 0, 3: 0, 4: 0}",1
107,False,"{'a': 0.8, 'e': 0.009345794392523364}",25,9,32.55173577158913,"{0: 16, 1: 0, 2: 0, 3: 0, 4: 0}",1
108,False,"{'a': 0.8, 'e': 0.009259259259259259}",20,15,8.075672408968197,"{0: 5, 1: 0, 2: 0, 3: 0, 4: 0}",1
109,False,"{'a': 0.8, 'e': 0.009174311926605505}",20,0,34.76353183645241,"{0: 20, 1: 0, 2: 0, 3: 0, 4: 0}",0
110,False,"{'a': 0.8, 'e': 0.00909090909090909}",30,2,42.89208159706566,"{0: 28, 1: 0, 2: 0, 3: 0, 4: 0}",1
111,False,"{'a': 0.8, 'e': 0.009009009009009009}",25,14,23.107290389899983,"{0: 11, 1: 0, 2: 0, 3: 0, 4: 0}",1
112,False,"{'a': 0.8, 'e': 0.008928571428571428}",20,6,22.577436524350023,"{0: 14, 1: 0, 2: 0, 3: 0, 4: 0}",1
113,False,"{'a': 0.8, 'e': 0.008849557522123894}",20,13,13.837315507232592,"{0: 7, 1: 0, 2: 0, 3: 0, 4: 0}",1
114,False,"{'a': 0.8, 'e': 0.008771929824561403}",25,7,25.898343607100905,"{0: 18, 1: 0, 2: 0, 3: 0, 4: 0}",1
115,False,"{'a': 0.8, 'e': 0.008695652173913044}",20,0,-13.527677308856532,"{0: 19, 1: 0, 2: 0, 3: 0, 4: 1}",1
116,False,"{'a': 0.8, 'e': 0.008620689655172414}",20,5,23.533172845615805,"{0: 15, 1: 0, 2: 0, 3: 0, 4: 0}",1
117,False,"{'a': 0.8, 'e': 0.008547008547008548}",20,16,5.0855228116824,"{0: 4, 1: 0, 2: 0, 3: 0, 4: 0}",1
118,False,"{'a': 0.8, 'e': 0.00847457627118644}",20,10,16.232834282528536,"{0: 10, 1: 0, 2: 0, 3: 0, 4: 0}",1
119,False,"{'a': 0.8, 'e': 0.008403361344537815}",30,18,21.571343085474222,"{0: 12, 1: 0, 2: 0, 3: 0, 4: 0}",1
120,False,"{'a': 0.8, 'e': 0.008333333333333333}",20,14,11.821446347096234,"{0: 6, 1: 0, 2: 0, 3: 0, 4: 0}",1
121,False,"{'a': 0.8, 'e': 0.008264462809917356}",20,6,26.333883338500236,"{0: 14, 1: 0, 2: 0, 3: 0, 4: 0}",1
122,False,"{'a': 0.8, 'e': 0.00819672131147541}",30,22,12.383739924383711,"{0: 8, 1: 0, 2: 0, 3: 0, 4: 0}",1
123,False,"{'a': 0.8, 'e': 0.008130081300813009}",20,10,19.113757116108168,"{0: 10, 1: 0, 2: 0, 3: 0, 4: 0}",1
124,False,"{'a': 0.8, 'e': 0.008064516129032258}",30,20,20.210276959025805,"{0: 10, 1: 0, 2: 0, 3: 0, 4: 0}",1
125,False,"{'a': 0.8, 'e': 0.008}",20,16,8.331853313996174,"{0: 4, 1: 0, 2: 0, 3: 0, 4: 0}",1
126,False,"{'a': 0.8, 'e': 0.007936507936507936}",20,8,19.658814748458962,"{0: 12, 1: 0, 2: 0, 3: 0, 4: 0}",1
127,False,"{'a': 0.8, 'e': 0.007874015748031496}",25,15,16.79680145173445,"{0: 10, 1: 0, 2: 0, 3: 0, 4: 0}",1
128,False,"{'a': 0.8, 'e': 0.0078125}",25,14,20.441095497983763,"{0: 11, 1: 0, 2: 0, 3: 0, 4: 0}",1
129,False,"{'a': 0.8, 'e': 0.007751937984496124}",25,14,23.569789821395492,"{0: 11, 1: 0, 2: 0, 3: 0, 4: 0}",1
130,False,"{'a': 0.8, 'e': 0.007692307692307693}",20,11,14.010349058571439,"{0: 9, 1: 0, 2: 0, 3: 0, 4: 0}",1
131,False,"{'a': 0.8, 'e': 0.007633587786259542}",25,15,16.472132719146565,"{0: 10, 1: 0, 2: 0, 3: 0, 4: 0}",1
132,False,"{'a': 0.8, 'e': 0.007575757575757576}",25,12,21.771539912579623,"{0: 13, 1: 0, 2: 0, 3: 0, 4: 0}",1
133,False,"{'a': 0.8, 'e': 0.007518796992481203}",25,3,38.931784373985,"{0: 22, 1: 0, 2: 0, 3: 0, 4: 0}",1
134,False,"{'a': 0.8, 'e': 0.007462686567164179}",20,3,28.769866816762413,"{0: 17, 1: 0, 2: 0, 3: 0, 4: 0}",1
135,False,"{'a': 0.8, 'e': 0.007407407407407408}",25,17,15.198632265558045,"{0: 8, 1: 0, 2: 0, 3: 0, 4: 0}",1
136,False,"{'a': 0.8, 'e': 0.007352941176470588}",25,9,28.0040787382597,"{0: 16, 1: 0, 2: 0, 3: 0, 4: 0}",1
137,False,"{'a': 0.8, 'e': 0.0072992700729927005}",20,9,19.342016599080814,"{0: 11, 1: 0, 2: 0, 3: 0, 4: 0}",1
138,False,"{'a': 0.8, 'e': 0.007246376811594203}",25,4,31.68970979272622,"{0: 21, 1: 0, 2: 0, 3: 0, 4: 0}",1
139,False,"{'a': 0.8, 'e': 0.007194244604316547}",20,15,9.744595225596889,"{0: 5, 1: 0, 2: 0, 3: 0, 4: 0}",1
140,False,"{'a': 0.8, 'e': 0.007142857142857143}",25,5,36.19883184165855,"{0: 20, 1: 0, 2: 0, 3: 0, 4: 0}",1
141,False,"{'a': 0.8, 'e': 0.0070921985815602835}",25,3,40.98495709505357,"{0: 22, 1: 0, 2: 0, 3: 0, 4: 0}",1
142,False,"{'a': 0.8, 'e': 0.007042253521126761}",25,19,10.127984392364372,"{0: 6, 1: 0, 2: 0, 3: 0, 4: 0}",1
143,False,"{'a': 0.8, 'e': 0.006993006993006993}",25,12,19.91480927957745,"{0: 13, 1: 0, 2: 0, 3: 0, 4: 0}",1
144,False,"{'a': 0.8, 'e': 0.006944444444444444}",20,13,12.388614358373122,"{0: 7, 1: 0, 2: 0, 3: 0, 4: 0}",1
145,False,"{'a': 0.8, 'e': 0.006896551724137931}",30,21,17.302424188560448,"{0: 9, 1: 0, 2: 0, 3: 0, 4: 0}",1
146,False,"{'a': 0.8, 'e': 0.00684931506849315}",30,18,22.874281279334337,"{0: 12, 1: 0, 2: 0, 3: 0, 4: 0}",1
147,False,"{'a': 0.8, 'e': 0.006802721088435374}",20,2,31.470347286466197,"{0: 18, 1: 0, 2: 0, 3: 0, 4: 0}",1
148,False,"{'a': 0.8, 'e': 0.006756756756756757}",20,0,26.6057816897307,"{0: 20, 1: 0, 2: 0, 3: 0, 4: 0}",0
149,False,"{'a': 0.8, 'e': 0.006711409395973154}",30,12,36.288104586688,"{0: 18, 1: 0, 2: 0, 3: 0, 4: 0}",1
150,False,"{'a': 0.8, 'e': 0.006666666666666667}",30,22,18.81108765927693,"{0: 8, 1: 0, 2: 0, 3: 0, 4: 0}",1
151,False,"{'a': 0.8, 'e': 0.006622516556291391}",20,6,17.198267165451973,"{0: 13, 1: 0, 2: 1, 3: 0, 4: 0}",1
152,False,"{'a': 0.8, 'e': 0.006578947368421052}",25,11,15.135245340285495,"{0: 13, 1: 1, 2: 0, 3: 0, 4: 0}",1
153,False,"{'a': 0.8, 'e': 0.006535947712418301}",25,8,27.2024634178819,"{0: 17, 1: 0, 2: 0, 3: 0, 4: 0}",1
154,False,"{'a': 0.8, 'e': 0.006493506493506494}",25,7,36.631331393765464,"{0: 18, 1: 0, 2: 0, 3: 0, 4: 0}",1
155,False,"{'a': 0.8, 'e': 0.0064516129032258064}",20,13,13.508851166651397,"{0: 7, 1: 0, 2: 0, 3: 0, 4: 0}",1
156,False,"{'a': 0.8, 'e': 0.00641025641025641}",20,14,9.173609619985932,"{0: 6, 1: 0, 2: 0, 3: 0, 4: 0}",1
157,False,"{'a': 0.8, 'e': 0.006369426751592357}",25,13,19.31107793396321,"{0: 12, 1: 0, 2: 0, 3: 0, 4: 0}",1
158,False,"{'a': 0.8, 'e': 0.006329113924050633}",20,5,26.766954279263114,"{0: 15, 1: 0, 2: 0, 3: 0, 4: 0}",1
159,False,"{'a': 0.8, 'e': 0.006289308176100629}",20,12,12.443883516567592,"{0: 8, 1: 0, 2: 0, 3: 0, 4: 0}",1
160,False,"{'a': 0.8, 'e': 0.00625}",30,20,20.121392327095418,"{0: 10, 1: 0, 2: 0, 3: 0, 4: 0}",1
161,False,"{'a': 0.8, 'e': 0.006211180124223602}",20,6,23.413819028763967,"{0: 14, 1: 0, 2: 0, 3: 0, 4: 0}",1
162,False,"{'a': 0.8, 'e': 0.006172839506172839}",20,13,16.650209148563373,"{0: 7, 1: 0, 2: 0, 3: 0, 4: 0}",1
163,False,"{'a': 0.8, 'e': 0.006134969325153374}",25,17,14.748131768852943,"{0: 8, 1: 0, 2: 0, 3: 0, 4: 0}",1
164,False,"{'a': 0.8, 'e': 0.006097560975609756}",25,10,25.165909808628168,"{0: 15, 1: 0, 2: 0, 3: 0, 4: 0}",1
165,False,"{'a': 0.8, 'e': 0.006060606060606061}",25,11,24.06758424901492,"{0: 14, 1: 0, 2: 0, 3: 0, 4: 0}",1
166,False,"{'a': 0.8, 'e': 0.006024096385542169}",25,11,24.376225194249837,"{0: 14, 1: 0, 2: 0, 3: 0, 4: 0}",1
167,False,"{'a': 0.8, 'e': 0.005988023952095809}",20,12,12.049602288845863,"{0: 8, 1: 0, 2: 0, 3: 0, 4: 0}",1
168,False,"{'a': 0.8, 'e': 0.005952380952380952}",25,18,13.19664565048391,"{0: 7, 1: 0, 2: 0, 3: 0, 4: 0}",1
169,False,"{'a': 0.8, 'e': 0.005917159763313609}",20,12,16.747429474917883,"{0: 8, 1: 0, 2: 0, 3: 0, 4: 0}",1
170,False,"{'a': 0.8, 'e': 0.0058823529411764705}",20,0,31.030971925142076,"{0: 20, 1: 0, 2: 0, 3: 0, 4: 0}",0
171,False,"{'a': 0.8, 'e': 0.005847953216374269}",25,20,8.053184014394274,"{0: 5, 1: 0, 2: 0, 3: 0, 4: 0}",1
172,False,"{'a': 0.8, 'e': 0.005813953488372093}",20,6,26.200877338710725,"{0: 14, 1: 0, 2: 0, 3: 0, 4: 0}",1
173,False,"{'a': 0.8, 'e': 0.005780346820809248}",30,22,17.8426585730755,"{0: 8, 1: 0, 2: 0, 3: 0, 4: 0}",1
174,False,"{'a': 0.8, 'e': 0.005747126436781609}",25,3,34.021947608524826,"{0: 21, 1: 1, 2: 0, 3: 0, 4: 0}",1
175,False,"{'a': 0.8, 'e': 0.005714285714285714}",20,8,21.941919491496883,"{0: 12, 1: 0, 2: 0, 3: 0, 4: 0}",1
176,False,"{'a': 0.8, 'e': 0.005681818181818182}",20,9,19.21717676871829,"{0: 11, 1: 0, 2: 0, 3: 0, 4: 0}",1
177,False,"{'a': 0.8, 'e': 0.005649717514124294}",25,13,18.754388363099814,"{0: 12, 1: 0, 2: 0, 3: 0, 4: 0}",1
178,False,"{'a': 0.8, 'e': 0.0056179775280898875}",25,12,25.73040866495213,"{0: 13, 1: 0, 2: 0, 3: 0, 4: 0}",1
179,False,"{'a': 0.8, 'e': 0.00558659217877095}",20,13,11.940789792498377,"{0: 7, 1: 0, 2: 0, 3: 0, 4: 0}",1
180,False,"{'a': 0.8, 'e': 0.005555555555555556}",25,19,10.139173928099297,"{0: 6, 1: 0, 2: 0, 3: 0, 4: 0}",1
181,False,"{'a': 0.8, 'e': 0.0055248618784530384}",20,12,13.921655953684972,"{0: 8, 1: 0, 2: 0, 3: 0, 4: 0}",1
182,False,"{'a': 0.8, 'e': 0.005494505494505495}",20,12,14.84303791646079,"{0: 8, 1: 0, 2: 0, 3: 0, 4: 0}",1
183,False,"{'a': 0.8, 'e': 0.00546448087431694}",25,13,23.356688376141207,"{0: 12, 1: 0, 2: 0, 3: 0, 4: 0}",1
184,False,"{'a': 0.8, 'e': 0.005434782608695652}",25,13,24.60488261974016,"{0: 12, 1: 0, 2: 0, 3: 0, 4: 0}",1
185,False,"{'a': 0.8, 'e': 0.005405405405405406}",20,12,3.5052201530714533,"{0: 7, 1: 0, 2: 1, 3: 0, 4: 0}",1
186,False,"{'a': 0.8, 'e': 0.005376344086021506}",20,12,14.462023404233321,"{0: 8, 1: 0, 2: 0, 3: 0, 4: 0}",1
187,False,"{'a': 0.8, 'e': 0.0053475935828877}",20,13,11.791343888142755,"{0: 7, 1: 0, 2: 0, 3: 0, 4: 0}",1
188,False,"{'a': 0.8, 'e': 0.005319148936170213}",20,13,15.00056332655232,"{0: 7, 1: 0, 2: 0, 3: 0, 4: 0}",1
189,False,"{'a': 0.8, 'e': 0.005291005291005291}",20,11,18.307209076981746,"{0: 9, 1: 0, 2: 0, 3: 0, 4: 0}",1
190,False,"{'a': 0.8, 'e': 0.005263157894736842}",25,18,12.278478855841431,"{0: 7, 1: 0, 2: 0, 3: 0, 4: 0}",1
191,False,"{'a': 0.8, 'e': 0.005235602094240838}",20,6,21.412524138540977,"{0: 14, 1: 0, 2: 0, 3: 0, 4: 0}",1
192,False,"{'a': 0.8, 'e': 0.005208333333333333}",20,13,17.40962876340005,"{0: 7, 1: 0, 2: 0, 3: 0, 4: 0}",1
193,False,"{'a': 0.8, 'e': 0.0051813471502590676}",20,10,16.907890229225323,"{0: 10, 1: 0, 2: 0, 3: 0, 4: 0}",1
194,False,"{'a': 0.8, 'e': 0.005154639175257732}",20,11,19.004257127706076,"{0: 9, 1: 0, 2: 0, 3: 0, 4: 0}",1
195,False,"{'a': 0.8, 'e': 0.005128205128205128}",30,24,12.584410173999363,"{0: 6, 1: 0, 2: 0, 3: 0, 4: 0}",1
196,False,"{'a': 0.8, 'e': 0.00510204081632653}",25,15,20.238501051895714,"{0: 10, 1: 0, 2: 0, 3: 0, 4: 0}",1
197,False,"{'a': 0.8, 'e': 0.005076142131979695}",20,8,24.434915141187982,"{0: 12, 1: 0, 2: 0, 3: 0, 4: 0}",1
198,False,"{'a': 0.8, 'e': 0.005050505050505051}",25,17,14.286853354697021,"{0: 8, 1: 0, 2: 0, 3: 0, 4: 0}",1
199,False,"{'a': 0.8, 'e': 0.005025125628140704}",25,11,22.29327826691628,"{0: 14, 1: 0, 2: 0, 3: 0, 4: 0}",1
200,False,"{'a': 0.8, 'e': 0.005}",25,13,20.71656675404258,"{0: 12, 1: 0, 2: 0, 3: 0, 4: 0}",1
201,False,"{'a': 0.8, 'e': 0.004975124378109453}",20,8,23.01013270624126,"{0: 12, 1: 0, 2: 0, 3: 0, 4: 0}",1
1,True,"{'a': 0, 'e': 0}",20,11,14.03193130402376,"{0: 9, 1: 0, 2: 0, 3: 0, 4: 0}",1
2,True,"{'a': 0, 'e': 0}",20,14,10.360041813670946,"{0: 6, 1: 0, 2: 0, 3: 0, 4: 0}",1
3,True,"{'a': 0, 'e': 0}",25,11,21.124600118037797,"{0: 14, 1: 0, 2: 0, 3: 0, 4: 0}",1
4,True,"{'a': 0, 'e': 0}",20,16,5.340321019572532,"{0: 4, 1: 0, 2: 0, 3: 0, 4: 0}",1
5,True,"{'a': 0, 'e': 0}",30,10,36.66122312940336,"{0: 20, 1: 0, 2: 0, 3: 0, 4: 0}",1
6,True,"{'a': 0, 'e': 0}",25,14,22.407046971159318,"{0: 11, 1: 0, 2: 0, 3: 0, 4: 0}",1
7,True,"{'a': 0, 'e': 0}",20,12,15.732055376071848,"{0: 8, 1: 0, 2: 0, 3: 0, 4: 0}",1
8,True,"{'a': 0, 'e': 0}",25,15,19.05571304629088,"{0: 10, 1: 0, 2: 0, 3: 0, 4: 0}",1
9,True,"{'a': 0, 'e': 0}",20,16,9.249794675016993,"{0: 4, 1: 0, 2: 0, 3: 0, 4: 0}",1
10,True,"{'a': 0, 'e': 0}",30,22,16.281931065354538,"{0: 8, 1: 0, 2: 0, 3: 0, 4: 0}",1
